<t:config xmlns:t="urn:trch" id="5f75119c8cc493e28286b5315d05d79bfc50b039" configversion="1.0.0.0" name="Architouch" version="1.0.0" schemaversion="2.0.0">
<t:inputparameters>
<t:parameter name="NetworkTimeout" description="Timeout for blocking network calls (in seconds).  Use -1 for no timeout." type="S16" format="Scalar" valid="true">
<t:default>60</t:default>
<t:value>60</t:value>
</t:parameter>
<t:parameter name="TargetIp" description="Target IP Address" type="IPv4" format="Scalar" valid="true">
<t:value>10.0.0.121</t:value>
</t:parameter>
<t:parameter name="TargetPort" description="Port used by a TCP RPC service" type="TcpPort" format="Scalar" valid="true">
<t:default>49152</t:default>
<t:value>49152</t:value>
</t:parameter>
</t:inputparameters>
<t:outputparameters>
<t:parameter name="TargetOsArchitecture" description="Target architecture" type="String" format="Scalar"></t:parameter>
</t:outputparameters>
</t:config>
