<t:config xmlns:t="urn:trch" id="985f383e6edd6d9397aa5da9601c8bc867f6b713" configversion="1.1.1.0" name="Smbtouch" version="1.1.1" schemaversion="2.1.0">
<t:inputparameters>
<t:parameter name="NetworkTimeout" description="Timeout for blocking network calls (in seconds).  Use -1 for no timeout." type="S16" format="Scalar" valid="true">
<t:default>60</t:default>
<t:value>60</t:value>
</t:parameter>
<t:parameter name="TargetIp" description="Target IP Address" type="IPv4" format="Scalar" valid="true">
<t:value>10.0.0.121</t:value>
</t:parameter>
<t:parameter name="TargetPort" description="Port used by the SMB service" type="TcpPort" format="Scalar" valid="true">
<t:default>445</t:default>
<t:value>445</t:value>
</t:parameter>
<t:parameter name="RedirectedTargetIp" description="Physical (redirected) target IP" type="IPv4" format="Scalar" hidden="true" required="false"></t:parameter>
<t:parameter name="RedirectedTargetPort" description="Physical (redirected) target port" type="TcpPort" format="Scalar" hidden="true" required="false"></t:parameter>
<t:parameter name="Pipe" description="Test an additional pipe to see if it is accessible (optional)" type="String" format="Scalar" valid="true">
<t:default></t:default>
<t:value></t:value>
</t:parameter>
<t:parameter name="Share" description="Test a file share to see if it is accessible (optional), entered as hex bytes (in unicode)" type="Buffer" format="Scalar" valid="true">
<t:default></t:default>
<t:value></t:value>
</t:parameter>
<t:paramchoice name="Protocol" description="SMB (default port 445) or NBT (default port 139)">
<t:default>SMB</t:default>
<t:value>SMB</t:value>
<t:paramgroup name="SMB" description="">
<t:parameter name="UsingNbt" description="Boolean stating to use Nbt or not" type="Boolean" format="Scalar" hidden="true" valid="true">
<t:default>0</t:default>
<t:value>false</t:value>
</t:parameter>
</t:paramgroup>
<t:paramgroup name="NBT" description="">
<t:parameter name="UsingNbt" description="Boolean stating to use Nbt or not" type="Boolean" format="Scalar" hidden="true" valid="true">
<t:default>1</t:default>
<t:value>true</t:value>
</t:parameter>
</t:paramgroup>
</t:paramchoice>
<t:paramchoice name="Credentials" description="Type of credentials to use">
<t:default>Anonymous</t:default>
<t:value>Anonymous</t:value>
<t:paramgroup name="Anonymous" description="Anonymous (NULL session)"></t:paramgroup>
<t:paramgroup name="Guest" description="Guest account"></t:paramgroup>
<t:paramgroup name="Blank" description="User account with no password set">
<t:parameter name="Username" description="Username entered as hex bytes (in unicode)" type="Buffer" format="Scalar"></t:parameter>
</t:paramgroup>
<t:paramgroup name="Password" description="User name and password">
<t:parameter name="Username" description="Username entered as hex bytes (in unicode)" type="Buffer" format="Scalar"></t:parameter>
<t:parameter name="Password" description="Password entered as hex bytes (in unicode)" type="Buffer" format="Scalar"></t:parameter>
</t:paramgroup>
<t:paramgroup name="NTLM" description="User name and NTLM hash">
<t:parameter name="Username" description="Username entered as hex bytes (in unicode)" type="Buffer" format="Scalar"></t:parameter>
<t:parameter name="NtlmHash" description="NTLM password hash (in hex)" type="Buffer" format="Scalar"></t:parameter>
</t:paramgroup>
</t:paramchoice>
</t:inputparameters>
<t:constants>
<t:parameter name="Anonymous" description="" type="U8" format="Scalar" valid="true">
<t:value>0</t:value>
</t:parameter>
<t:parameter name="Guest" description="" type="U8" format="Scalar" valid="true">
<t:value>1</t:value>
</t:parameter>
<t:parameter name="Blank" description="" type="U8" format="Scalar" valid="true">
<t:value>2</t:value>
</t:parameter>
<t:parameter name="Password" description="" type="U8" format="Scalar" valid="true">
<t:value>3</t:value>
</t:parameter>
<t:parameter name="NTLM" description="" type="U8" format="Scalar" valid="true">
<t:value>4</t:value>
</t:parameter>
</t:constants>
<t:outputparameters>
<t:parameter name="Target" description="Operating System, Service Pack, of Target OS" type="String" format="Scalar"></t:parameter>
<t:parameter name="TargetOsArchitecture" description="Target architecture" type="String" format="Scalar"></t:parameter>
<t:parameter name="PipeName" description="Pipe available to use" type="String" format="Scalar"></t:parameter>
<t:parameter name="ShareName" description="Share available to use" type="Buffer" format="Scalar"></t:parameter>
<t:parameter name="Protocol" description="SMB or NBT" type="String" format="Scalar"></t:parameter>
<t:parameter name="Credentials" description="The architecture of the target operating system" type="String" format="Scalar"></t:parameter>
<t:parameter name="Username" description="Username entered as hex bytes (in unicode)" type="Buffer" format="Scalar"></t:parameter>
<t:parameter name="Password" description="Password entered as hex bytes (in unicode)" type="Buffer" format="Scalar"></t:parameter>
<t:parameter name="NtlmHash" description="NTLM password hash (in hex)" type="Buffer" format="Scalar"></t:parameter>
</t:outputparameters>
</t:config>
